{
  "hash": "d5540ca7",
  "configHash": "b50e6a7b",
  "lockfileHash": "0940146e",
  "browserHash": "30db2558",
  "optimized": {
    "@angular/common": {
      "src": "../../../../../../node_modules/@angular/common/fesm2022/common.mjs",
      "file": "@angular_common.js",
      "fileHash": "5dc704e5",
      "needsInterop": false
    },
    "@angular/common/http": {
      "src": "../../../../../../node_modules/@angular/common/fesm2022/http.mjs",
      "file": "@angular_common_http.js",
      "fileHash": "ff3afa78",
      "needsInterop": false
    },
    "@angular/core": {
      "src": "../../../../../../node_modules/@angular/core/fesm2022/core.mjs",
      "file": "@angular_core.js",
      "fileHash": "5e2c2a32",
      "needsInterop": false
    },
    "@angular/forms": {
      "src": "../../../../../../node_modules/@angular/forms/fesm2022/forms.mjs",
      "file": "@angular_forms.js",
      "fileHash": "eaaf106b",
      "needsInterop": false
    },
    "@angular/platform-browser": {
      "src": "../../../../../../node_modules/@angular/platform-browser/fesm2022/platform-browser.mjs",
      "file": "@angular_platform-browser.js",
      "fileHash": "1ba387c2",
      "needsInterop": false
    },
    "@angular/router": {
      "src": "../../../../../../node_modules/@angular/router/fesm2022/router.mjs",
      "file": "@angular_router.js",
      "fileHash": "e1301d61",
      "needsInterop": false
    }
  },
  "chunks": {
    "chunk-UHBSRND5": {
      "file": "chunk-UHBSRND5.js"
    },
    "chunk-IKVH7PRJ": {
      "file": "chunk-IKVH7PRJ.js"
    },
    "chunk-WO5MIYPJ": {
      "file": "chunk-WO5MIYPJ.js"
    },
    "chunk-BFKPYFAZ": {
      "file": "chunk-BFKPYFAZ.js"
    },
    "chunk-KUA6TBKJ": {
      "file": "chunk-KUA6TBKJ.js"
    }
  }
}